username,password,creation_time
roy1,123,2023-12-01T13:11:43.588043
testuser_1,testPassword,2023-12-03T12:31:29.566142500
testuser_111111,testPassword,2023-12-03T12:38:37.282851400
roy11,123,2023-12-01T13:11:50.402682
testuser_11111111,testPassword,2023-12-03T12:39:31.201583600
testuser_111111111,testPassword,2023-12-03T12:41:08.256572200
roya,123,2023-11-20T11:55:40.856641600
testuser_111,testPassword,2023-12-03T12:35:09.032900100
testuser_1111,testPassword,2023-12-03T12:36:15.102504200
testuser_11,testPassword,2023-12-03T12:31:45.414217
testuser_1111111111,testPassword,2023-12-03T12:41:20.534821500
testuser_,testPassword,2023-12-03T12:28:51.674995700
roy,123,2023-11-20T11:54:29.812673300
testuser_1111111,testPassword,2023-12-03T12:39:10.965666700
testuser_11111,testPassword,2023-12-03T12:38:11.650487600
